{
	"class_name" : "PinholeCameraParameters",
	"extrinsic" : 
	[
		0.99875046808624701,
		-0.030009004052026063,
		-0.039998000149987507,
		0.0,
		0.031607926681547729,
		-0.2400720324162085,
		0.96995150363719695,
		0.0,
		-0.038709707676452439,
		-0.97029113101550946,
		-0.23998800089992503,
		0.0,
		0.19235529631034792,
		1.240365856468848,
		3.514566149235121,
		1.0
	],
	"intrinsic" : 
	{
		"height" : 1180,
		"intrinsic_matrix" : 
		[
			1021.9099764656379,
			0.0,
			0.0,
			0.0,
			1021.9099764656379,
			0.0,
			821.5,
			589.5,
			1.0
		],
		"width" : 1644
	},
	"version_major" : 1,
	"version_minor" : 0
}