{
	"class_name" : "PinholeCameraParameters",
	"extrinsic" : 
	[
		-0.20166583151945652,
		-0.97808525357455667,
		0.051769963661968156,
		0.0,
		-0.896188267077065,
		0.20559018274048593,
		0.39316569880158786,
		0.0,
		-0.39519296849890123,
		0.032892453552888549,
		-0.91800904360921065,
		0.0,
		62.640791038534431,
		44.817542496375175,
		219.9378590372516,
		1.0
	],
	"intrinsic" : 
	{
		"height" : 1016,
		"intrinsic_matrix" : 
		[
			879.88181024498977,
			0.0,
			0.0,
			0.0,
			879.88181024498977,
			0.0,
			923.5,
			507.5,
			1.0
		],
		"width" : 1848
	},
	"version_major" : 1,
	"version_minor" : 0
}